<?xml version="1.0" encoding="UTF-8" standalone="yes"?>
<addon id="plugin.video.iris-9900-hd" 
       name="Iris 9900 HD Live" version="0.3.0" 
       provider-name="Viruslogic">
  <requires>
    	<import addon="xbmc.python" version="2.1.0"/>
  </requires>
  <extension point="xbmc.python.pluginsource" library="default.py">
    	<provides>video</provides>
  </extension>
  <extension point="xbmc.addon.metadata">
    	<summary lang="en">Iris 9900HD Addon</summary>
    	<description lang="en">Iris 9900HD Addon</description>
    	<disclaimer lang="en"></disclaimer>
    	<language>en</language>
    	<platform>all</platform>
    	<license>GNU GENERAL PUBLIC LICENSE. Version 2, June 1991</license>
    	<forum></forum>
    	<website></website>
    	<email></email>
    	<source></source>
  </extension>
</addon>
